title,genre,year,description
Crepúsculo,Romance,2008,Una adolescente se enamora de un misterioso compañero de escuela, que resulta ser un vampiro, y enfrenta los desafíos de un amor prohibido.
Yo antes de ti,Romance,2016,Una joven optimista se convierte en cuidadora de un hombre paralizado tras un accidente, y juntos aprenden sobre el amor, la vida y las decisiones difíciles.
Enola Holmes,Mystery,2020,La hermana menor de Sherlock Holmes usa su ingenio y valentía para resolver el misterioso caso de la desaparición de su madre, en una aventura llena de acción y misterio.
Violet y Finch,Romance,2020,Dos adolescentes con heridas emocionales se conocen y, juntos, recorren lugares de Indiana mientras crean un vínculo que cambia sus vidas.
El llamado salvaje,Adventure,2020,Un perro doméstico llamado Buck es llevado al Yukón durante la fiebre del oro, donde aprende a sobrevivir en la naturaleza y descubre su espíritu salvaje.
Demon slayer,Anime,2020,Demon slayer castillo infinito
Son como niños 2,Comedy,2013,Tres años después de la reunión que volvió a unirlo a sus amigos de la infancia, Lenny Feder regresa junto a su familia a su pueblo natal para poder estar más cerca de sus amigos
Spider-Man Un nuevo dia,Action,2007,Spider-Man un nuevo dia
Avengers Endgame,Action,2019,Los Vengadores se reúnen para deshacer las acciones de Thanos y restaurar el universo.
Ice Age en Ebullicion,Animation,2027,La cosa estara que arde con Manny, Sid y Diego.
