Title,Updated Description
Movie 1,"Una increíble película de acción donde los protagonistas luchan por salvar el mundo en el año 2020."
Movie 2,"Una comedia hilarante del 2021 que te hará llorar de la risa de principio a fin."
Movie 3,"Un drama profundo y conmovedor estrenado en 2022 que explora la condición humana."
Movie 4,"Una película de terror del 2019 que te mantendrá al borde de tu asiento."
Movie 5,"Otra película de acción del 2018 llena de explosiones y persecuciones."
Movie 6,"Una aventura de ciencia ficción del 2023 con increíbles efectos especiales."
Movie 7,"Otra comedia del 2024 para disfrutar en familia."
Movie 8,"Un drama clásico del 2015 que ha dejado una marca en la historia del cine."
Movie 9,"Una obra maestra de la ciencia ficción de 2016 con un guión brillante."
Movie 10,"Una nueva entrega de terror en 2025 que promete ser la más escalofriante."
